"3949","845","themes/homedecor/uploads/07420221213_1670927197.png","https://apps.rajodiya.com/ecommerce/themes/homedecor/uploads/07420221213_1670927197.png","homedecor","2023-01-19 05:28:28","2023-01-19 05:28:28"
"3950","845","themes/homedecor/uploads/01920221213_1670927197.png","https://apps.rajodiya.com/ecommerce/themes/homedecor/uploads/01920221213_1670927197.png","homedecor","2023-01-19 05:28:28","2023-01-19 05:28:28"
"3951","846","themes/homedecor/uploads/03520221213_1670927243.png","https://apps.rajodiya.com/ecommerce/themes/homedecor/uploads/03520221213_1670927243.png","homedecor","2023-01-19 05:28:28","2023-01-19 05:28:28"
"3952","846","themes/homedecor/uploads/07720221213_1670927243.png","https://apps.rajodiya.com/ecommerce/themes/homedecor/uploads/07720221213_1670927243.png","homedecor","2023-01-19 05:28:28","2023-01-19 05:28:28"
"3953","846","themes/homedecor/uploads/0720221213_1670927243.png","https://apps.rajodiya.com/ecommerce/themes/homedecor/uploads/0720221213_1670927243.png","homedecor","2023-01-19 05:28:28","2023-01-19 05:28:28"
"3957","848","themes/homedecor/uploads/0420221213_1670927342.png","https://apps.rajodiya.com/ecommerce/themes/homedecor/uploads/0420221213_1670927342.png","homedecor","2023-01-19 05:28:28","2023-01-19 05:28:28"
"3958","848","themes/homedecor/uploads/05420221213_1670927342.png","https://apps.rajodiya.com/ecommerce/themes/homedecor/uploads/05420221213_1670927342.png","homedecor","2023-01-19 05:28:28","2023-01-19 05:28:28"
"3964","851","themes/homedecor/uploads/02120221213_1670927608.png","https://apps.rajodiya.com/ecommerce/themes/homedecor/uploads/02120221213_1670927608.png","homedecor","2023-01-19 05:28:28","2023-01-19 05:28:28"
"3965","851","themes/homedecor/uploads/09420221213_1670927608.png","https://apps.rajodiya.com/ecommerce/themes/homedecor/uploads/09420221213_1670927608.png","homedecor","2023-01-19 05:28:28","2023-01-19 05:28:28"
"3983","859","themes/homedecor/uploads/06220221213_1670928064.png","https://apps.rajodiya.com/ecommerce/themes/homedecor/uploads/06220221213_1670928064.png","homedecor","2023-01-19 05:28:28","2023-01-19 05:28:28"
"3996","864","themes/homedecor/uploads/06820221213_1670928354.png","https://apps.rajodiya.com/ecommerce/themes/homedecor/uploads/06820221213_1670928354.png","homedecor","2023-01-19 05:28:28","2023-01-19 05:28:28"
"3997","864","themes/homedecor/uploads/04720221213_1670928354.png","https://apps.rajodiya.com/ecommerce/themes/homedecor/uploads/04720221213_1670928354.png","homedecor","2023-01-19 05:28:28","2023-01-19 05:28:28"
"3998","864","themes/homedecor/uploads/01920221213_1670928354.png","https://apps.rajodiya.com/ecommerce/themes/homedecor/uploads/01920221213_1670928354.png","homedecor","2023-01-19 05:28:28","2023-01-19 05:28:28"
"4008","868","themes/homedecor/uploads/08120221213_1670928561.png","https://apps.rajodiya.com/ecommerce/themes/homedecor/uploads/08120221213_1670928561.png","homedecor","2023-01-19 05:28:28","2023-01-19 05:28:28"
"4009","868","themes/homedecor/uploads/03320221213_1670928561.png","https://apps.rajodiya.com/ecommerce/themes/homedecor/uploads/03320221213_1670928561.png","homedecor","2023-01-19 05:28:28","2023-01-19 05:28:28"
"4010","868","themes/homedecor/uploads/0620221213_1670928561.png","https://apps.rajodiya.com/ecommerce/themes/homedecor/uploads/0620221213_1670928561.png","homedecor","2023-01-19 05:28:28","2023-01-19 05:28:28"
"4011","868","themes/homedecor/uploads/010020221213_1670928561.png","https://apps.rajodiya.com/ecommerce/themes/homedecor/uploads/010020221213_1670928561.png","homedecor","2023-01-19 05:28:28","2023-01-19 05:28:28"
"4012","869","themes/homedecor/uploads/01120221213_1670928637.png","https://apps.rajodiya.com/ecommerce/themes/homedecor/uploads/01120221213_1670928637.png","homedecor","2023-01-19 05:28:28","2023-01-19 05:28:28"
"4013","869","themes/homedecor/uploads/06120221213_1670928637.png","https://apps.rajodiya.com/ecommerce/themes/homedecor/uploads/06120221213_1670928637.png","homedecor","2023-01-19 05:28:28","2023-01-19 05:28:28"
"4014","869","themes/homedecor/uploads/05520221213_1670928637.png","https://apps.rajodiya.com/ecommerce/themes/homedecor/uploads/05520221213_1670928637.png","homedecor","2023-01-19 05:28:28","2023-01-19 05:28:28"
"4019","871","themes/homedecor/uploads/03920221213_1670928750.png","https://apps.rajodiya.com/ecommerce/themes/homedecor/uploads/03920221213_1670928750.png","homedecor","2023-01-19 05:28:28","2023-01-19 05:28:28"
"4020","871","themes/homedecor/uploads/05820221213_1670928750.png","https://apps.rajodiya.com/ecommerce/themes/homedecor/uploads/05820221213_1670928750.png","homedecor","2023-01-19 05:28:28","2023-01-19 05:28:28"
"4021","871","themes/homedecor/uploads/02420221213_1670928750.png","https://apps.rajodiya.com/ecommerce/themes/homedecor/uploads/02420221213_1670928750.png","homedecor","2023-01-19 05:28:28","2023-01-19 05:28:28"
"4028","874","themes/homedecor/uploads/06220221213_1670928882.png","https://apps.rajodiya.com/ecommerce/themes/homedecor/uploads/06220221213_1670928882.png","homedecor","2023-01-19 05:28:28","2023-01-19 05:28:28"
"4029","874","themes/homedecor/uploads/06320221213_1670928882.png","https://apps.rajodiya.com/ecommerce/themes/homedecor/uploads/06320221213_1670928882.png","homedecor","2023-01-19 05:28:28","2023-01-19 05:28:28"
"4030","874","themes/homedecor/uploads/09720221213_1670928882.png","https://apps.rajodiya.com/ecommerce/themes/homedecor/uploads/09720221213_1670928882.png","homedecor","2023-01-19 05:28:28","2023-01-19 05:28:28"
"4031","873","themes/homedecor/uploads/49_1673850728_Screenshot_1.png","http://localhost/Ecommarce_main/themes/homedecor/uploads/49_1673850728_Screenshot_1.png","homedecor","2023-01-19 05:28:28","2023-01-19 05:28:28"
"4032","873","themes/homedecor/uploads/62_1673850728_Screenshot_2.png","http://localhost/Ecommarce_main/themes/homedecor/uploads/62_1673850728_Screenshot_2.png","homedecor","2023-01-19 05:28:28","2023-01-19 05:28:28"
"4033","873","themes/homedecor/uploads/44_1673850728_Screenshot_3.png","http://localhost/Ecommarce_main/themes/homedecor/uploads/44_1673850728_Screenshot_3.png","homedecor","2023-01-19 05:28:28","2023-01-19 05:28:28"
"4034","872","themes/homedecor/uploads/20_1673850740_Screenshot_1.png","http://localhost/Ecommarce_main/themes/homedecor/uploads/20_1673850740_Screenshot_1.png","homedecor","2023-01-19 05:28:28","2023-01-19 05:28:28"
"4035","872","themes/homedecor/uploads/72_1673850740_Screenshot_2.png","http://localhost/Ecommarce_main/themes/homedecor/uploads/72_1673850740_Screenshot_2.png","homedecor","2023-01-19 05:28:28","2023-01-19 05:28:28"
"4036","872","themes/homedecor/uploads/15_1673850740_Screenshot_3.png","http://localhost/Ecommarce_main/themes/homedecor/uploads/15_1673850740_Screenshot_3.png","homedecor","2023-01-19 05:28:28","2023-01-19 05:28:28"
"4037","870","themes/homedecor/uploads/58_1673850756_Screenshot_1.png","http://localhost/Ecommarce_main/themes/homedecor/uploads/58_1673850756_Screenshot_1.png","homedecor","2023-01-19 05:28:28","2023-01-19 05:28:28"
"4038","870","themes/homedecor/uploads/36_1673850756_Screenshot_2.png","http://localhost/Ecommarce_main/themes/homedecor/uploads/36_1673850756_Screenshot_2.png","homedecor","2023-01-19 05:28:28","2023-01-19 05:28:28"
"4039","870","themes/homedecor/uploads/73_1673850756_Screenshot_3.png","http://localhost/Ecommarce_main/themes/homedecor/uploads/73_1673850756_Screenshot_3.png","homedecor","2023-01-19 05:28:28","2023-01-19 05:28:28"
"4040","870","themes/homedecor/uploads/52_1673850757_Screenshot_4.png","http://localhost/Ecommarce_main/themes/homedecor/uploads/52_1673850757_Screenshot_4.png","homedecor","2023-01-19 05:28:28","2023-01-19 05:28:28"
"4041","867","themes/homedecor/uploads/46_1673850775_Screenshot_1.png","http://localhost/Ecommarce_main/themes/homedecor/uploads/46_1673850775_Screenshot_1.png","homedecor","2023-01-19 05:28:28","2023-01-19 05:28:28"
"4042","867","themes/homedecor/uploads/82_1673850775_Screenshot_2.png","http://localhost/Ecommarce_main/themes/homedecor/uploads/82_1673850775_Screenshot_2.png","homedecor","2023-01-19 05:28:29","2023-01-19 05:28:29"
"4043","867","themes/homedecor/uploads/35_1673850775_Screenshot_3.png","http://localhost/Ecommarce_main/themes/homedecor/uploads/35_1673850775_Screenshot_3.png","homedecor","2023-01-19 05:28:29","2023-01-19 05:28:29"
"4044","866","themes/homedecor/uploads/70_1673850789_Screenshot_1.png","http://localhost/Ecommarce_main/themes/homedecor/uploads/70_1673850789_Screenshot_1.png","homedecor","2023-01-19 05:28:29","2023-01-19 05:28:29"
"4045","866","themes/homedecor/uploads/34_1673850789_Screenshot_2.png","http://localhost/Ecommarce_main/themes/homedecor/uploads/34_1673850789_Screenshot_2.png","homedecor","2023-01-19 05:28:29","2023-01-19 05:28:29"
"4046","865","themes/homedecor/uploads/13_1673850800_Screenshot_1.png","http://localhost/Ecommarce_main/themes/homedecor/uploads/13_1673850800_Screenshot_1.png","homedecor","2023-01-19 05:28:29","2023-01-19 05:28:29"
"4047","865","themes/homedecor/uploads/42_1673850800_Screenshot_2.png","http://localhost/Ecommarce_main/themes/homedecor/uploads/42_1673850800_Screenshot_2.png","homedecor","2023-01-19 05:28:29","2023-01-19 05:28:29"
"4048","865","themes/homedecor/uploads/100_1673850800_Screenshot_3.png","http://localhost/Ecommarce_main/themes/homedecor/uploads/100_1673850800_Screenshot_3.png","homedecor","2023-01-19 05:28:29","2023-01-19 05:28:29"
"4049","863","themes/homedecor/uploads/32_1673850820_ASH-3190138-1-removebg-preview.png","http://localhost/Ecommarce_main/themes/homedecor/uploads/32_1673850820_ASH-3190138-1-removebg-preview.png","homedecor","2023-01-19 05:28:29","2023-01-19 05:28:29"
"4050","863","themes/homedecor/uploads/60_1673850820_ASH-3190138-2-removebg-preview.png","http://localhost/Ecommarce_main/themes/homedecor/uploads/60_1673850820_ASH-3190138-2-removebg-preview.png","homedecor","2023-01-19 05:28:29","2023-01-19 05:28:29"
"4051","863","themes/homedecor/uploads/98_1673850820_ASH-3190138-3-removebg-preview.png","http://localhost/Ecommarce_main/themes/homedecor/uploads/98_1673850820_ASH-3190138-3-removebg-preview.png","homedecor","2023-01-19 05:28:29","2023-01-19 05:28:29"
"4052","862","themes/homedecor/uploads/47_1673850830_Screenshot_1.png","http://localhost/Ecommarce_main/themes/homedecor/uploads/47_1673850830_Screenshot_1.png","homedecor","2023-01-19 05:28:29","2023-01-19 05:28:29"
"4053","862","themes/homedecor/uploads/23_1673850830_Screenshot_2.png","http://localhost/Ecommarce_main/themes/homedecor/uploads/23_1673850830_Screenshot_2.png","homedecor","2023-01-19 05:28:29","2023-01-19 05:28:29"
"4054","862","themes/homedecor/uploads/46_1673850830_Screenshot_3.png","http://localhost/Ecommarce_main/themes/homedecor/uploads/46_1673850830_Screenshot_3.png","homedecor","2023-01-19 05:28:29","2023-01-19 05:28:29"
"4055","861","themes/homedecor/uploads/71_1673850842_LANE-599015-NAVY_02-removebg-preview.png","http://localhost/Ecommarce_main/themes/homedecor/uploads/71_1673850842_LANE-599015-NAVY_02-removebg-preview.png","homedecor","2023-01-19 05:28:29","2023-01-19 05:28:29"
"4056","861","themes/homedecor/uploads/74_1673850842_LANE-599015-NAVY_03-removebg-preview.png","http://localhost/Ecommarce_main/themes/homedecor/uploads/74_1673850842_LANE-599015-NAVY_03-removebg-preview.png","homedecor","2023-01-19 05:28:29","2023-01-19 05:28:29"
"4057","861","themes/homedecor/uploads/27_1673850842_LANE-599015-NAVY_04-removebg-preview.png","http://localhost/Ecommarce_main/themes/homedecor/uploads/27_1673850842_LANE-599015-NAVY_04-removebg-preview.png","homedecor","2023-01-19 05:28:29","2023-01-19 05:28:29"
"4058","860","themes/homedecor/uploads/93_1673850854_Screenshot_1.png","http://localhost/Ecommarce_main/themes/homedecor/uploads/93_1673850854_Screenshot_1.png","homedecor","2023-01-19 05:28:29","2023-01-19 05:28:29"
"4059","860","themes/homedecor/uploads/86_1673850854_Screenshot_2.png","http://localhost/Ecommarce_main/themes/homedecor/uploads/86_1673850854_Screenshot_2.png","homedecor","2023-01-19 05:28:29","2023-01-19 05:28:29"
"4060","860","themes/homedecor/uploads/50_1673850854_Screenshot_3.png","http://localhost/Ecommarce_main/themes/homedecor/uploads/50_1673850854_Screenshot_3.png","homedecor","2023-01-19 05:28:29","2023-01-19 05:28:29"
"4061","858","themes/homedecor/uploads/23_1673850876_Screenshot_1.png","http://localhost/Ecommarce_main/themes/homedecor/uploads/23_1673850876_Screenshot_1.png","homedecor","2023-01-19 05:28:29","2023-01-19 05:28:29"
"4062","858","themes/homedecor/uploads/26_1673850876_Screenshot_2.png","http://localhost/Ecommarce_main/themes/homedecor/uploads/26_1673850876_Screenshot_2.png","homedecor","2023-01-19 05:28:29","2023-01-19 05:28:29"
"4063","858","themes/homedecor/uploads/96_1673850876_Screenshot_3.png","http://localhost/Ecommarce_main/themes/homedecor/uploads/96_1673850876_Screenshot_3.png","homedecor","2023-01-19 05:28:29","2023-01-19 05:28:29"
"4064","858","themes/homedecor/uploads/67_1673850876_Screenshot_4.png","http://localhost/Ecommarce_main/themes/homedecor/uploads/67_1673850876_Screenshot_4.png","homedecor","2023-01-19 05:28:29","2023-01-19 05:28:29"
"4065","857","themes/homedecor/uploads/32_1673850890_Screenshot_1.png","http://localhost/Ecommarce_main/themes/homedecor/uploads/32_1673850890_Screenshot_1.png","homedecor","2023-01-19 05:28:29","2023-01-19 05:28:29"
"4066","857","themes/homedecor/uploads/76_1673850890_Screenshot_2.png","http://localhost/Ecommarce_main/themes/homedecor/uploads/76_1673850890_Screenshot_2.png","homedecor","2023-01-19 05:28:29","2023-01-19 05:28:29"
"4067","856","themes/homedecor/uploads/14_1673850904_2.png","http://localhost/Ecommarce_main/themes/homedecor/uploads/14_1673850904_2.png","homedecor","2023-01-19 05:28:29","2023-01-19 05:28:29"
"4068","856","themes/homedecor/uploads/42_1673850904_3.png","http://localhost/Ecommarce_main/themes/homedecor/uploads/42_1673850904_3.png","homedecor","2023-01-19 05:28:29","2023-01-19 05:28:29"
"4069","856","themes/homedecor/uploads/75_1673850904_4.png","http://localhost/Ecommarce_main/themes/homedecor/uploads/75_1673850904_4.png","homedecor","2023-01-19 05:28:29","2023-01-19 05:28:29"
"4070","855","themes/homedecor/uploads/100_1673850916_Screenshot_1.png","http://localhost/Ecommarce_main/themes/homedecor/uploads/100_1673850916_Screenshot_1.png","homedecor","2023-01-19 05:28:29","2023-01-19 05:28:29"
"4071","855","themes/homedecor/uploads/51_1673850916_Screenshot_2.png","http://localhost/Ecommarce_main/themes/homedecor/uploads/51_1673850916_Screenshot_2.png","homedecor","2023-01-19 05:28:29","2023-01-19 05:28:29"
"4072","855","themes/homedecor/uploads/84_1673850916_Screenshot_3.png","http://localhost/Ecommarce_main/themes/homedecor/uploads/84_1673850916_Screenshot_3.png","homedecor","2023-01-19 05:28:29","2023-01-19 05:28:29"
"4073","854","themes/homedecor/uploads/79_1673850931_Screenshot_1.png","http://localhost/Ecommarce_main/themes/homedecor/uploads/79_1673850931_Screenshot_1.png","homedecor","2023-01-19 05:28:29","2023-01-19 05:28:29"
"4074","854","themes/homedecor/uploads/86_1673850931_Screenshot_2.png","http://localhost/Ecommarce_main/themes/homedecor/uploads/86_1673850931_Screenshot_2.png","homedecor","2023-01-19 05:28:29","2023-01-19 05:28:29"
"4075","854","themes/homedecor/uploads/87_1673850931_Screenshot_3.png","http://localhost/Ecommarce_main/themes/homedecor/uploads/87_1673850931_Screenshot_3.png","homedecor","2023-01-19 05:28:29","2023-01-19 05:28:29"
"4076","853","themes/homedecor/uploads/79_1673850943_Screenshot_1.png","http://localhost/Ecommarce_main/themes/homedecor/uploads/79_1673850943_Screenshot_1.png","homedecor","2023-01-19 05:28:29","2023-01-19 05:28:29"
"4077","853","themes/homedecor/uploads/36_1673850943_Screenshot_2.png","http://localhost/Ecommarce_main/themes/homedecor/uploads/36_1673850943_Screenshot_2.png","homedecor","2023-01-19 05:28:29","2023-01-19 05:28:29"
"4078","853","themes/homedecor/uploads/79_1673850943_Screenshot_3.png","http://localhost/Ecommarce_main/themes/homedecor/uploads/79_1673850943_Screenshot_3.png","homedecor","2023-01-19 05:28:29","2023-01-19 05:28:29"
"4079","852","themes/homedecor/uploads/53_1673850956_Screenshot_1.png","http://localhost/Ecommarce_main/themes/homedecor/uploads/53_1673850956_Screenshot_1.png","homedecor","2023-01-19 05:28:29","2023-01-19 05:28:29"
"4080","852","themes/homedecor/uploads/78_1673850956_Screenshot_2.png","http://localhost/Ecommarce_main/themes/homedecor/uploads/78_1673850956_Screenshot_2.png","homedecor","2023-01-19 05:28:29","2023-01-19 05:28:29"
"4081","852","themes/homedecor/uploads/25_1673850956_Screenshot_3.png","http://localhost/Ecommarce_main/themes/homedecor/uploads/25_1673850956_Screenshot_3.png","homedecor","2023-01-19 05:28:29","2023-01-19 05:28:29"
"4082","852","themes/homedecor/uploads/13_1673850956_Screenshot_4.png","http://localhost/Ecommarce_main/themes/homedecor/uploads/13_1673850956_Screenshot_4.png","homedecor","2023-01-19 05:28:29","2023-01-19 05:28:29"
"4083","850","themes/homedecor/uploads/71_1673850973_Screenshot_1.png","http://localhost/Ecommarce_main/themes/homedecor/uploads/71_1673850973_Screenshot_1.png","homedecor","2023-01-19 05:28:29","2023-01-19 05:28:29"
"4084","850","themes/homedecor/uploads/12_1673850973_Screenshot_2.png","http://localhost/Ecommarce_main/themes/homedecor/uploads/12_1673850973_Screenshot_2.png","homedecor","2023-01-19 05:28:29","2023-01-19 05:28:29"
"4085","850","themes/homedecor/uploads/23_1673850973_Screenshot_3.png","http://localhost/Ecommarce_main/themes/homedecor/uploads/23_1673850973_Screenshot_3.png","homedecor","2023-01-19 05:28:29","2023-01-19 05:28:29"
"4086","849","themes/homedecor/uploads/99_1673850992_Screenshot_1.png","http://localhost/Ecommarce_main/themes/homedecor/uploads/99_1673850992_Screenshot_1.png","homedecor","2023-01-19 05:28:29","2023-01-19 05:28:29"
"4087","849","themes/homedecor/uploads/37_1673850992_Screenshot_2.png","http://localhost/Ecommarce_main/themes/homedecor/uploads/37_1673850992_Screenshot_2.png","homedecor","2023-01-19 05:28:29","2023-01-19 05:28:29"
"4088","847","themes/homedecor/uploads/43_1673851013_Screenshot_1.png","http://localhost/Ecommarce_main/themes/homedecor/uploads/43_1673851013_Screenshot_1.png","homedecor","2023-01-19 05:28:29","2023-01-19 05:28:29"
"4089","847","themes/homedecor/uploads/77_1673851013_Screenshot_2.png","http://localhost/Ecommarce_main/themes/homedecor/uploads/77_1673851013_Screenshot_2.png","homedecor","2023-01-19 05:28:29","2023-01-19 05:28:29"
"4090","844","themes/homedecor/uploads/41_1673851032_Screenshot_1.png","http://localhost/Ecommarce_main/themes/homedecor/uploads/41_1673851032_Screenshot_1.png","homedecor","2023-01-19 05:28:29","2023-01-19 05:28:29"
"4091","844","themes/homedecor/uploads/36_1673851032_Screenshot_8.png","http://localhost/Ecommarce_main/themes/homedecor/uploads/36_1673851032_Screenshot_8.png","homedecor","2023-01-19 05:28:29","2023-01-19 05:28:29"
"4092","843","themes/homedecor/uploads/89_1673851041_Screenshot_1.png","http://localhost/Ecommarce_main/themes/homedecor/uploads/89_1673851041_Screenshot_1.png","homedecor","2023-01-19 05:28:29","2023-01-19 05:28:29"
