"1342","843","gray","Altari_Alloy_Chair-gray","200.00","168","furnituremobileapp","2023-01-16 06:26:50","2023-01-16 06:26:50"
"1343","844","gray","Armless_Swivel_Desk_Chair-gray","300.00","186","furnituremobileapp","2023-01-16 06:26:50","2023-01-16 06:26:50"
"1344","844","blue","Armless_Swivel_Desk_Chair-blue","400.00","149","furnituremobileapp","2023-01-16 06:26:50","2023-01-16 06:26:50"
"1345","844","red","Armless_Swivel_Desk_Chair-red","500.00","193","furnituremobileapp","2023-01-16 06:26:50","2023-01-16 06:26:50"
"1346","847","black","Megginson_Oversized_Chair-black","400.00","400","furnituremobileapp","2023-01-16 06:26:50","2023-01-16 06:26:50"
"1347","847","white","Megginson_Oversized_Chair-white","400.00","400","furnituremobileapp","2023-01-16 06:26:50","2023-01-16 06:26:50"
"1348","847","red","Megginson_Oversized_Chair-red","400.00","399","furnituremobileapp","2023-01-16 06:26:50","2023-01-16 06:26:50"
"1349","849","red","Upholstered_Side_Chair-red","500.00","200","furnituremobileapp","2023-01-16 06:26:50","2023-01-16 06:26:50"
"1350","849","blue","Upholstered_Side_Chair-blue","500.00","200","furnituremobileapp","2023-01-16 06:26:50","2023-01-16 06:26:50"
"1351","849","gray","Upholstered_Side_Chair-gray","500.00","198","furnituremobileapp","2023-01-16 06:26:50","2023-01-16 06:26:50"
"1352","850","white","avtar_table_lamp-white","200.00","200","furnituremobileapp","2023-01-16 06:26:50","2023-01-16 06:26:50"
"1353","850","gray","avtar_table_lamp-gray","200.00","200","furnituremobileapp","2023-01-16 06:26:50","2023-01-16 06:26:50"
"1354","850","yellow","avtar_table_lamp-yellow","200.00","200","furnituremobileapp","2023-01-16 06:26:50","2023-01-16 06:26:50"
"1355","852","white","bamboo_table_lamp-white","100.00","201","furnituremobileapp","2023-01-16 06:26:50","2023-01-16 06:26:50"
"1356","852","red","bamboo_table_lamp-red","100.00","201","furnituremobileapp","2023-01-16 06:26:50","2023-01-16 06:26:50"
"1357","852","blue","bamboo_table_lamp-blue","100.00","201","furnituremobileapp","2023-01-16 06:26:50","2023-01-16 06:26:50"
"1358","853","red","Brige_table_lamp-red","200.00","300","furnituremobileapp","2023-01-16 06:26:50","2023-01-16 06:26:50"
"1359","853","blue","Brige_table_lamp-blue","200.00","300","furnituremobileapp","2023-01-16 06:26:50","2023-01-16 06:26:50"
"1360","853","gray","Brige_table_lamp-gray","200.00","300","furnituremobileapp","2023-01-16 06:26:50","2023-01-16 06:26:50"
"1361","853","white","Brige_table_lamp-white","200.00","300","furnituremobileapp","2023-01-16 06:26:50","2023-01-16 06:26:50"
"1362","854","blue","Dark_vas_table_lamp-blue","300.00","300","furnituremobileapp","2023-01-16 06:26:50","2023-01-16 06:26:50"
"1363","854","red","Dark_vas_table_lamp-red","300.00","300","furnituremobileapp","2023-01-16 06:26:50","2023-01-16 06:26:50"
"1364","854","white","Dark_vas_table_lamp-white","300.00","300","furnituremobileapp","2023-01-16 06:26:50","2023-01-16 06:26:50"
"1365","855","gray","delja_table_lamp-gray","400.00","300","furnituremobileapp","2023-01-16 06:26:50","2023-01-16 06:26:50"
"1366","855","white","delja_table_lamp-white","400.00","300","furnituremobileapp","2023-01-16 06:26:50","2023-01-16 06:26:50"
"1367","855","yellow","delja_table_lamp-yellow","400.00","257","furnituremobileapp","2023-01-16 06:26:50","2023-01-16 06:26:50"
"1368","856","red","Halo_Floor_Lamp_3_Gun_BlackMarble-red","300.00","300","furnituremobileapp","2023-01-16 06:26:50","2023-01-16 06:26:50"
"1369","856","white","Halo_Floor_Lamp_3_Gun_BlackMarble-white","300.00","300","furnituremobileapp","2023-01-16 06:26:50","2023-01-16 06:26:50"
"1370","856","yellow","Halo_Floor_Lamp_3_Gun_BlackMarble-yellow","300.00","300","furnituremobileapp","2023-01-16 06:26:50","2023-01-16 06:26:50"
"1371","857","blue","Light_blue_table_lamp-blue","400.00","200","furnituremobileapp","2023-01-16 06:26:50","2023-01-16 06:26:50"
"1372","857","white","Light_blue_table_lamp-white","400.00","200","furnituremobileapp","2023-01-16 06:26:51","2023-01-16 06:26:51"
"1373","858","red","Table_lamp_with_LED_bulb-red","300.00","200","furnituremobileapp","2023-01-16 06:26:51","2023-01-16 06:26:51"
"1374","858","white","Table_lamp_with_LED_bulb-white","300.00","199","furnituremobileapp","2023-01-16 06:26:51","2023-01-16 06:26:51"
"1375","860","gray","Dellington_Power_Reclining_Sofa-gray","500.00","300","furnituremobileapp","2023-01-16 06:26:51","2023-01-16 06:26:51"
"1376","860","white","Dellington_Power_Reclining_Sofa-white","500.00","300","furnituremobileapp","2023-01-16 06:26:51","2023-01-16 06:26:51"
"1377","860","black","Dellington_Power_Reclining_Sofa-black","500.00","300","furnituremobileapp","2023-01-16 06:26:51","2023-01-16 06:26:51"
"1378","861","red","Dorset_Sofa-red","600.00","400","furnituremobileapp","2023-01-16 06:26:51","2023-01-16 06:26:51"
"1379","861","white","Dorset_Sofa-white","600.00","400","furnituremobileapp","2023-01-16 06:26:51","2023-01-16 06:26:51"
"1380","861","blue","Dorset_Sofa-blue","600.00","398","furnituremobileapp","2023-01-16 06:26:51","2023-01-16 06:26:51"
"1381","862","red","Estate_Sofa-red","800.00","500","furnituremobileapp","2023-01-16 06:26:51","2023-01-16 06:26:51"
"1382","862","white","Estate_Sofa-white","800.00","500","furnituremobileapp","2023-01-16 06:26:51","2023-01-16 06:26:51"
"1383","862","black","Estate_Sofa-black","800.00","499","furnituremobileapp","2023-01-16 06:26:51","2023-01-16 06:26:51"
"1384","863","red","Larkinhurst_Sofa-red","900.00","500","furnituremobileapp","2023-01-16 06:26:51","2023-01-16 06:26:51"
"1385","863","white","Larkinhurst_Sofa-white","900.00","500","furnituremobileapp","2023-01-16 06:26:51","2023-01-16 06:26:51"
"1386","865","white","Olsberg_Sofa-white","900.00","300","furnituremobileapp","2023-01-16 06:26:51","2023-01-16 06:26:51"
"1387","865","red","Olsberg_Sofa-red","900.00","300","furnituremobileapp","2023-01-16 06:26:51","2023-01-16 06:26:51"
"1388","865","gray","Olsberg_Sofa-gray","900.00","299","furnituremobileapp","2023-01-16 06:26:51","2023-01-16 06:26:51"
"1389","866","green","Troy_Sofa-green","800.00","200","furnituremobileapp","2023-01-16 06:26:51","2023-01-16 06:26:51"
"1390","866","yellow","Troy_Sofa-yellow","800.00","200","furnituremobileapp","2023-01-16 06:26:51","2023-01-16 06:26:51"
"1391","867","gray","Avery_Cocktail_Table-gray","1000.00","300","furnituremobileapp","2023-01-16 06:26:51","2023-01-16 06:26:51"
"1392","867","white","Avery_Cocktail_Table-white","1000.00","300","furnituremobileapp","2023-01-16 06:26:51","2023-01-16 06:26:51"
"1393","870","red","Paradox_Cocktail_Table-red","2000.00","500","furnituremobileapp","2023-01-16 06:26:51","2023-01-16 06:26:51"
"1394","870","white","Paradox_Cocktail_Table-white","2000.00","500","furnituremobileapp","2023-01-16 06:26:51","2023-01-16 06:26:51"
"1395","870","black","Paradox_Cocktail_Table-black","2000.00","500","furnituremobileapp","2023-01-16 06:26:51","2023-01-16 06:26:51"
"1396","870","gray","Paradox_Cocktail_Table-gray","2000.00","500","furnituremobileapp","2023-01-16 06:26:51","2023-01-16 06:26:51"
"1397","872","red","Tarica_Table-red","2000.00","200","furnituremobileapp","2023-01-16 06:26:51","2023-01-16 06:26:51"
"1398","872","white","Tarica_Table-white","2000.00","200","furnituremobileapp","2023-01-16 06:26:51","2023-01-16 06:26:51"
"1399","873","red","Venice_Cocktail_Table-red","2000.00","295","furnituremobileapp","2023-01-16 06:26:51","2023-01-16 06:26:51"
"1400","873","blue","Venice_Cocktail_Table-blue","2000.00","300","furnituremobileapp","2023-01-16 06:26:51","2023-01-16 06:26:51"
"1401","873","gray","Venice_Cocktail_Table-gray","2000.00","0","furnituremobileapp","2023-01-16 06:26:51","2023-01-16 06:26:51"
