"1718","1232","3x","3-slot_Wooden_Platter-3x","410.00","100","kitchenmobileapp","2023-01-10 05:45:42","2023-01-10 05:45:42"
"1719","1232","7x","3-slot_Wooden_Platter-7x","700.00","500","kitchenmobileapp","2023-01-10 05:45:42","2023-01-10 05:45:42"
"1720","1234","3x","4_Drawer_Chest_Teak_Cabinet-3x","410.00","100","kitchenmobileapp","2023-01-10 05:46:01","2023-01-10 05:46:01"
"1721","1230","3x","3-Drawer_Bedside_Panel-3x","100.00","400","kitchenmobileapp","2023-01-10 05:47:34","2023-01-10 05:47:34"
"1722","1230","7x","3-Drawer_Bedside_Panel-7x","400.00","120","kitchenmobileapp","2023-01-10 05:47:34","2023-01-10 05:47:34"
"1723","1228","3x","Spoon_Set_Stand_Holder_Stainless_Steel_Cutlery_Set-3x","410.00","100","kitchenmobileapp","2023-01-10 05:48:01","2023-01-10 05:48:01"
"1724","1228","7x","Spoon_Set_Stand_Holder_Stainless_Steel_Cutlery_Set-7x","740.00","100","kitchenmobileapp","2023-01-10 05:48:01","2023-01-10 05:48:01"
"1725","1226","3x","Four_Pinched_Beak_Serving_Spoons-3x","410.00","410","kitchenmobileapp","2023-01-10 05:48:38","2023-01-10 05:48:38"
"1726","1226","7x","Four_Pinched_Beak_Serving_Spoons-7x","850.00","210","kitchenmobileapp","2023-01-10 05:48:38","2023-01-10 05:48:38"
"1727","1224","3x","Tri-Ply_Armour_Induction_Compatible_Kadhai-3x","500.00","41","kitchenmobileapp","2023-01-10 05:49:02","2023-01-10 05:49:02"
"1728","1222","3x","Kadhai_with_Stainless_Steel-3x","410.00","410","kitchenmobileapp","2023-01-10 05:49:41","2023-01-10 05:49:41"
"1729","1222","7x","Kadhai_with_Stainless_Steel-7x","510.00","410","kitchenmobileapp","2023-01-10 05:49:41","2023-01-10 05:49:41"
"1730","1220","4x","Bamboo_Serving_Tray-4x","510.00","100","kitchenmobileapp","2023-01-10 05:51:20","2023-01-10 05:51:20"
"1731","1218","7x","Speed_Black_Residential_Stand_Mixer-7x","410.00","100","kitchenmobileapp","2023-01-10 05:52:05","2023-01-10 05:52:05"
"1732","1216","3x","Over-the-Range_Microwave-3x","800.00","100","kitchenmobileapp","2023-01-10 05:52:56","2023-01-10 05:52:56"
"1733","1214","3x","Ducted_Stainless_Steel_Island_Range_Hood-3x","100.00","100","kitchenmobileapp","2023-01-10 05:53:26","2023-01-10 05:53:26"
"1734","1212","7x","Dishwasher_(White)_ENERGY_STAR-7x","750.00","100","kitchenmobileapp","2023-01-10 05:53:47","2023-01-10 05:53:47"
"1735","1210","3x","Reusable_Kitchen_Canister-3x","450.00","100","kitchenmobileapp","2023-01-10 05:54:15","2023-01-10 05:54:15"
"1736","1210","7x","Reusable_Kitchen_Canister-7x","650.00","100","kitchenmobileapp","2023-01-10 05:54:15","2023-01-10 05:54:15"
"1737","1208","6x","Glass_Drinkware-6x","450.00","100","kitchenmobileapp","2023-01-10 05:55:08","2023-01-10 05:55:08"
"1738","1208","12x","Glass_Drinkware-12x","850.00","10","kitchenmobileapp","2023-01-10 05:55:08","2023-01-10 05:55:08"
"1739","1206","5x","W_x_4-in_H_x_14.4-in_D_Clear_Plastic_Bin-5x","410.00","100","kitchenmobileapp","2023-01-10 05:55:41","2023-01-10 05:55:41"
"1740","1204","1x","Reusable_Canister_Set-1x","410.00","400","kitchenmobileapp","2023-01-10 05:56:15","2023-01-10 05:56:15"
"1741","1204","4x","Reusable_Canister_Set-4x","1050.00","500","kitchenmobileapp","2023-01-10 05:56:15","2023-01-10 05:56:15"
"1742","1202","1x","8-in_H_x_12-in_D_Clear_Plastic_Bin-1x","458.00","410","kitchenmobileapp","2023-01-10 05:56:44","2023-01-10 05:56:44"
"1743","1200","2x","Wood_Stackable_drawers_ware-2x","410.00","250","kitchenmobileapp","2023-01-10 05:57:26","2023-01-10 05:57:26"
"1744","1200","4x","Wood_Stackable_drawers_ware-4x","850.00","520","kitchenmobileapp","2023-01-10 05:57:26","2023-01-10 05:57:26"
"1745","1197","2x","Brown_Bamboo_Wood_Silverware_Insert-2x","210.00","70","kitchenmobileapp","2023-01-10 05:58:02","2023-01-10 05:58:02"
"1746","1196","1x","Brown_Acacia_Wood_Stackable_Silverware-1x","520.00","100","kitchenmobileapp","2023-01-10 05:58:38","2023-01-10 05:58:38"
"1747","1194","1x","12.75-in_x_3.25-in_Clear_Plastic_Silverware_Insert-1x","410.00","100","kitchenmobileapp","2023-01-10 05:59:13","2023-01-10 05:59:13"
"1748","1194","4x","12.75-in_x_3.25-in_Clear_Plastic_Silverware_Insert-4x","580.00","100","kitchenmobileapp","2023-01-10 05:59:14","2023-01-10 05:59:14"
"1749","1192","3x","Yutika_Bone_China_Quarter_Plate-3x","500.00","100","kitchenmobileapp","2023-01-10 06:00:07","2023-01-10 06:00:07"
"1750","1192","6x","Yutika_Bone_China_Quarter_Plate-6x","800.00","100","kitchenmobileapp","2023-01-10 06:00:07","2023-01-10 06:00:07"
"1751","1192","12x","Yutika_Bone_China_Quarter_Plate-12x","1400.00","100","kitchenmobileapp","2023-01-10 06:00:07","2023-01-10 06:00:07"
"1752","1190","3x","Chitra_Porcelain_Oval_Platter_Small-3x","410.00","500","kitchenmobileapp","2023-01-10 06:00:38","2023-01-10 06:00:38"
"1753","1190","6x","Chitra_Porcelain_Oval_Platter_Small-6x","850.00","500","kitchenmobileapp","2023-01-10 06:00:38","2023-01-10 06:00:38"
"1754","1189","6x","Chitra_Porcelain_Dinner_Plate-6x","410.00","400","kitchenmobileapp","2023-01-10 06:01:15","2023-01-10 06:01:15"
"1755","1189","12x","Chitra_Porcelain_Dinner_Plate-12x","850.00","200","kitchenmobileapp","2023-01-10 06:01:15","2023-01-10 06:01:15"
"1756","1187","6x","Blue_Tuhina_Porcelain_Serving_Bowl_-Medium-6x","500.00","100","kitchenmobileapp","2023-01-10 06:01:43","2023-01-10 06:01:43"
"1757","1185","6x","Bharat_Snack_Plates-Set_of_4-6x","410.00","100","kitchenmobileapp","2023-01-10 06:02:25","2023-01-10 06:02:25"
"1758","1185","12x","Bharat_Snack_Plates-Set_of_4-12x","850.00","100","kitchenmobileapp","2023-01-10 06:02:25","2023-01-10 06:02:25"
"1759","1184","3x","Amber_Sadyanta_Beverage_Set_Of_3-3x","450.00","100","kitchenmobileapp","2023-01-10 06:02:54","2023-01-10 06:02:54"
"1760","1182","3x","Stackable_Series_All_Meal_Friendly_Set-3x","410.00","100","kitchenmobileapp","2023-01-10 06:03:21","2023-01-10 06:03:21"
"1761","1182","6x","Stackable_Series_All_Meal_Friendly_Set-6x","850.00","100","kitchenmobileapp","2023-01-10 06:03:21","2023-01-10 06:03:21"
"1762","1180","1x","Omega_Select_Plus_Aluminium-1x","150.00","100","kitchenmobileapp","2023-01-10 06:04:16","2023-01-10 06:04:16"
"1763","1180","2x","Omega_Select_Plus_Aluminium-2x","275.00","200","kitchenmobileapp","2023-01-10 06:04:16","2023-01-10 06:04:16"
"1764","1180","3x","Omega_Select_Plus_Aluminium-3x","450.00","20","kitchenmobileapp","2023-01-10 06:04:16","2023-01-10 06:04:16"
"1765","1178","1x","Doniv_Titanium_Triply_Stainless_Steel-1x","580.00","40","kitchenmobileapp","2023-01-10 06:04:42","2023-01-10 06:04:42"
"1766","1176","1x","Argent_Triply_Stainless_Steel-1x","400.00","100","kitchenmobileapp","2023-01-10 06:05:11","2023-01-10 06:05:11"
"1767","1176","2x","Argent_Triply_Stainless_Steel-2x","600.00","100","kitchenmobileapp","2023-01-10 06:05:11","2023-01-10 06:05:11"
"1768","1175","1x","Traveler_Bag-1x","410.00","100","kitchenmobileapp","2023-01-10 06:05:33","2023-01-10 06:05:54"
"1769","1175","3x","Traveler_Bag-3x","850.00","100","kitchenmobileapp","2023-01-10 06:05:33","2023-01-10 06:05:54"
"1770","1174","1x","Tea_zar-1x","410.00","50","kitchenmobileapp","2023-01-10 06:06:45","2023-01-10 06:06:45"
"1771","1174","6x","Tea_zar-6x","820.00","40","kitchenmobileapp","2023-01-10 06:06:45","2023-01-10 06:06:45"
"1772","1174","12x","Tea_zar-12x","1200.00","10","kitchenmobileapp","2023-01-10 06:06:45","2023-01-10 06:06:45"
"1773","1172","1x","Mug_and_mug_holder-1x","410.00","100","kitchenmobileapp","2023-01-10 06:07:13","2023-01-10 06:07:13"
"1774","1169","6x","Black_coffee_cup-6x","650.00","101","kitchenmobileapp","2023-01-10 06:07:42","2023-01-10 06:07:42"
"1775","1167","1x","Solid_Handy_Chopping_Board_-_Teak_wood-1x","150.00","10","kitchenmobileapp","2023-01-10 06:08:12","2023-01-10 06:08:12"
"1776","1167","2x","Solid_Handy_Chopping_Board_-_Teak_wood-2x","300.00","50","kitchenmobileapp","2023-01-10 06:08:12","2023-01-10 06:08:12"
"1777","1165","1x","Elegant_Teak_Wood_Chopping_Board-1x","450.00","20","kitchenmobileapp","2023-01-10 06:09:05","2023-01-10 06:09:05"
"1778","1165","2x","Elegant_Teak_Wood_Chopping_Board-2x","850.00","40","kitchenmobileapp","2023-01-10 06:09:05","2023-01-10 06:09:05"
"1779","1154","1x","Broil_King-1x","4100.00","100","kitchenmobileapp","2023-01-10 06:09:42","2023-01-10 06:09:42"
"1780","1154","2x","Broil_King-2x","8100.00","500","kitchenmobileapp","2023-01-10 06:09:42","2023-01-10 06:09:42"
"1781","1156","1x","Cast_Black_3-Burner_l-1x","5200.00","1400","kitchenmobileapp","2023-01-10 06:10:05","2023-01-10 06:10:05"
"1782","1158","1x","Green_Mountain_Grills_â€“_PEAK_Pro-1x","5200.00","100","kitchenmobileapp","2023-01-10 06:11:01","2023-01-10 06:11:01"
"1783","1160","1x","Stainless_Steel-1x","450.00","100","kitchenmobileapp","2023-01-10 06:11:30","2023-01-10 06:11:30"
"1784","1162","2x","Bat_Shaped_Chopping_Board-2x","540.00","450","kitchenmobileapp","2023-01-10 06:11:57","2023-01-10 06:11:57"
"1785","1144","1x","Heart_Bear_Flower_Silicone_Chocolate_Mold-1x","80.00","100","kitchenmobileapp","2023-01-10 06:12:27","2023-01-10 06:12:27"
"1786","1144","4x","Heart_Bear_Flower_Silicone_Chocolate_Mold-4x","320.00","100","kitchenmobileapp","2023-01-10 06:12:27","2023-01-10 06:12:27"
"1787","1146","1x","Icing_Gun_Set_14_Pcs-1x","850.00","120","kitchenmobileapp","2023-01-10 06:12:57","2023-01-10 06:12:57"
"1788","1148","1x","Pink_Dot_Mini_Cupcake_Liners_200pcs-1x","450.00","100","kitchenmobileapp","2023-01-10 06:13:29","2023-01-10 06:13:29"
"1789","1148","2x","Pink_Dot_Mini_Cupcake_Liners_200pcs-2x","800.00","100","kitchenmobileapp","2023-01-10 06:13:29","2023-01-10 06:13:29"
"1790","1150","1x","Springform_Baking_Pan_Set-1x","450.00","100","kitchenmobileapp","2023-01-10 06:13:51","2023-01-10 06:13:51"
"1791","1152","1x","Bearded_Butcher_BBQ_Serving_Tray-1x","210.00","100","kitchenmobileapp","2023-01-10 06:14:35","2023-01-10 06:14:35"
"1792","1143","1x","Cake_Decorating_Turntable_White-1x","410.00","120","kitchenmobileapp","2023-01-10 06:15:12","2023-01-10 06:15:12"
