"39","20","d-w","-d-w","71.00","3","style","2022-07-04 12:56:30","2022-07-04 12:56:30"
"46","25","red-x","Aroma_Sandal-red-x","820.00","0","style","2022-07-08 20:10:33","2022-08-29 15:07:12"
"47","25","red-xl","Aroma_Sandal-red-xl","811.00","7","style","2022-07-08 20:10:33","2022-12-01 12:32:34"
"48","25","red-xxl","Aroma_Sandal-red-xxl","810.00","17","style","2022-07-08 20:10:33","2022-09-19 15:02:16"
"49","25","blue-x","Aroma_Sandal-blue-x","816.00","11","style","2022-07-08 20:10:33","2022-08-29 15:07:12"
"50","25","blue-xl","Aroma_Sandal-blue-xl","988.00","71","style","2022-07-08 20:10:33","2022-08-29 15:07:12"
"51","25","blue-xxl","Aroma_Sandal-blue-xxl","792.00","19","style","2022-07-08 20:10:33","2022-08-29 15:07:12"
"54","26","red-2mm","lovil_women_golden_sandal-red-2mm","949.00","77","style","2022-07-08 20:21:22","2022-12-02 09:24:13"
"55","26","red-3mm","lovil_women_golden_sandal-red-3mm","711.00","81","style","2022-07-08 20:21:22","2022-08-29 15:07:30"
"56","26","red-5mm","lovil_women_golden_sandal-red-5mm","761.00","77","style","2022-07-08 20:21:22","2022-08-29 15:07:30"
"57","26","black-2mm","lovil_women_golden_sandal-black-2mm","374.00","74","style","2022-07-08 20:21:22","2022-08-29 15:07:30"
"58","26","black-3mm","lovil_women_golden_sandal-black-3mm","536.00","64","style","2022-07-08 20:21:22","2022-08-29 15:07:30"
"59","26","black-5mm","lovil_women_golden_sandal-black-5mm","538.00","58","style","2022-07-08 20:21:22","2022-08-29 15:07:30"
"60","33","red","Coller_Shirt-red","650.00","757","style","2022-07-19 21:45:50","2022-11-29 16:43:21"
"61","33","blue","Coller_Shirt-blue","650.00","456","style","2022-07-19 21:45:50","2022-11-21 11:50:59"
"62","33","yello","Coller_Shirt-yello","650.00","327","style","2022-07-19 21:45:50","2022-08-26 19:51:02"
"63","33","black","Coller_Shirt-black","650.00","3","style","2022-07-19 21:45:50","2022-10-13 17:48:18"
"68","48","white","Cotton_Tshirt-white","792.00","106","style","2022-07-19 21:57:14","2022-09-01 17:20:14"
"69","48","red","Cotton_Tshirt-red","792.00","157","style","2022-07-19 21:57:14","2022-08-26 19:03:37"
"78","56","12CM-RED","North_plus_shoes-12CM-RED","1000.00","244","style","2022-07-20 14:42:36","2022-08-26 18:31:05"
"79","56","12CM-BLUE","North_plus_shoes-12CM-BLUE","1000.00","441","style","2022-07-20 14:42:36","2022-08-26 18:31:05"
"80","56","12CM-BLACK","North_plus_shoes-12CM-BLACK","1000.00","26","style","2022-07-20 14:42:36","2022-08-26 18:31:05"
"81","56","15CM-RED","North_plus_shoes-15CM-RED","1000.00","429","style","2022-07-20 14:42:36","2022-08-26 18:31:05"
"82","56","15CM-BLUE","North_plus_shoes-15CM-BLUE","1000.00","369","style","2022-07-20 14:42:36","2022-08-26 18:31:05"
"83","56","15CM-BLACK","North_plus_shoes-15CM-BLACK","1000.00","923","style","2022-07-20 14:42:36","2022-08-26 18:31:05"
"84","61","red","Sharp_Running-red","558.00","650","style","2022-07-26 19:37:28","2022-08-26 18:25:38"
"85","61","black","Sharp_Running-black","558.00","162","style","2022-07-26 19:37:28","2022-08-26 18:25:38"
"356","71","BLACK","Unisex_Aviator-BLACK","644.00","459","style","2022-08-26 16:36:22","2022-11-21 12:40:49"
"357","71","BLUE","Unisex_Aviator-BLUE","644.00","462","style","2022-08-26 16:36:22","2022-08-29 15:27:32"
"358","71","RED","Unisex_Aviator-RED","644.00","462","style","2022-08-26 16:36:22","2022-08-29 15:27:32"
"359","70","BlACK","Mens_Square_Sunglasses-BlACK","300.00","0","style","2022-08-26 16:40:22","2022-08-29 15:27:17"
"360","70","RED","Mens_Square_Sunglasses-RED","3500.00","0","style","2022-08-26 16:40:22","2022-08-29 15:27:17"
"361","72","BLACK","Vincent_Chase-BLACK","267.00","774","style","2022-08-26 16:41:45","2022-11-21 12:40:49"
"362","72","BLUE","Vincent_Chase-BLUE","280.00","776","style","2022-08-26 16:41:45","2022-08-29 15:27:47"
"363","72","RED","Vincent_Chase-RED","300.00","776","style","2022-08-26 16:41:45","2022-08-29 15:27:47"
"364","73","BLACK","Clubmaster_Goggles-BLACK","882.00","539","style","2022-08-26 16:43:14","2022-08-26 16:43:14"
"365","73","GREEN","Clubmaster_Goggles-GREEN","890.00","539","style","2022-08-26 16:43:14","2022-08-26 16:43:14"
"366","74","BLACK","Men_Pilot_Sunglasses-BLACK","300.00","400","style","2022-08-26 16:45:53","2022-08-29 15:27:03"
"367","74","BLUE","Men_Pilot_Sunglasses-BLUE","350.00","400","style","2022-08-26 16:45:53","2022-08-29 15:27:03"
"368","74","RED","Men_Pilot_Sunglasses-RED","400.00","400","style","2022-08-26 16:45:53","2022-08-29 15:27:03"
"369","75","BLUE","Coloured_lens-BLUE","860.00","922","style","2022-08-26 16:47:42","2022-10-13 10:33:02"
"370","75","RED","Coloured_lens-RED","880.00","923","style","2022-08-26 16:47:42","2022-08-26 16:47:42"
"371","75","GREEN","Coloured_lens-GREEN","900.00","923","style","2022-08-26 16:47:42","2022-08-26 16:47:42"
"372","76","BLACK","Duco_sunglasses-BLACK","400.00","447","style","2022-08-26 16:49:04","2022-11-24 12:51:59"
"373","76","BLUE","Duco_sunglasses-BLUE","400.00","450","style","2022-08-26 16:49:04","2022-08-29 15:26:44"
"374","77","BLACK","Side-shield_sunglasses-BLACK","450.00","400","style","2022-08-26 16:52:12","2022-08-26 16:52:12"
"375","77","BLUE","Side-shield_sunglasses-BLUE","450.00","400","style","2022-08-26 16:52:12","2022-08-26 16:52:12"
"376","77","RED","Side-shield_sunglasses-RED","500.00","400","style","2022-08-26 16:52:12","2022-08-26 16:52:12"
"377","78","WHITE","Classic_HD_Goggles-WHITE","683.00","327","style","2022-08-26 16:53:24","2022-08-29 15:26:29"
"378","79","BLACK","Basic_Black_Aviator-BLACK","300.00","398","style","2022-08-26 16:55:10","2022-08-26 21:51:18"
"379","79","BLUE","Basic_Black_Aviator-BLUE","300.00","400","style","2022-08-26 16:55:10","2022-08-26 20:07:38"
"380","69","BLACK-2MM","Brown_Waxy_Leather-BLACK-2MM","599.00","99","style","2022-08-26 17:00:33","2022-12-01 12:32:33"
"381","69","BLACK-4MM","Brown_Waxy_Leather-BLACK-4MM","599.00","90","style","2022-08-26 17:00:33","2022-08-29 15:13:31"
"382","69","BLACK-6MM","Brown_Waxy_Leather-BLACK-6MM","650.00","100","style","2022-08-26 17:00:33","2022-08-29 15:13:31"
"383","69","BLUE-2MM","Brown_Waxy_Leather-BLUE-2MM","599.00","80","style","2022-08-26 17:00:33","2022-08-29 15:13:31"
"384","69","BLUE-4MM","Brown_Waxy_Leather-BLUE-4MM","599.00","150","style","2022-08-26 17:00:33","2022-08-29 15:13:31"
"385","69","BLUE-6MM","Brown_Waxy_Leather-BLUE-6MM","650.00","100","style","2022-08-26 17:00:33","2022-08-29 15:13:31"
"386","69","RED-2MM","Brown_Waxy_Leather-RED-2MM","699.00","60","style","2022-08-26 17:00:33","2022-08-29 15:13:31"
"387","69","RED-4MM","Brown_Waxy_Leather-RED-4MM","650.00","90","style","2022-08-26 17:00:33","2022-08-29 15:13:31"
"388","69","RED-6MM","Brown_Waxy_Leather-RED-6MM","699.00","150","style","2022-08-26 17:00:33","2022-08-29 15:13:31"
"389","67","BLACK-2MM","Derby_shoes-BLACK-2MM","600.00","50","style","2022-08-26 18:09:24","2022-08-29 15:14:33"
"390","67","BLACK-4MM","Derby_shoes-BLACK-4MM","600.00","100","style","2022-08-26 18:10:42","2022-08-29 15:14:33"
"391","67","WHITE-2MM","Derby_shoes-WHITE-2MM","700.00","50","style","2022-08-26 18:10:42","2022-08-29 15:14:33"
"392","67","WHITE-4MM","Derby_shoes-WHITE-4MM","700.00","50","style","2022-08-26 18:10:42","2022-08-29 15:14:33"
"393","66","BLACK-2MM","Buckled_Formal-BLACK-2MM","500.00","98","style","2022-08-26 18:14:07","2022-12-01 12:32:34"
"394","66","BLACK-4MM","Buckled_Formal-BLACK-4MM","500.00","100","style","2022-08-26 18:14:07","2022-08-29 15:13:50"
"395","66","WHITE-2MM","Buckled_Formal-WHITE-2MM","500.00","100","style","2022-08-26 18:14:07","2022-08-29 15:13:50"
"396","66","WHITE-4MM","Buckled_Formal-WHITE-4MM","500.00","100","style","2022-08-26 18:14:07","2022-08-29 15:13:50"
"397","64","2mm","Ethnic_Shoes-2mm","550.00","100","style","2022-08-26 18:16:19","2022-08-26 18:16:19"
"398","64","4mm","Ethnic_Shoes-4mm","550.00","50","style","2022-08-26 18:16:19","2022-08-26 18:16:19"
"399","64","6mm","Ethnic_Shoes-6mm","550.00","50","style","2022-08-26 18:16:19","2022-08-26 18:16:19"
"400","65","BLACK-2MM","deck_brown_shoes-BLACK-2MM","610.00","110","style","2022-08-26 18:19:31","2022-08-29 15:14:10"
"401","65","BLACK-4MM","deck_brown_shoes-BLACK-4MM","610.00","100","style","2022-08-26 18:19:31","2022-08-29 15:14:10"
"402","65","BLUE-2MM","deck_brown_shoes-BLUE-2MM","610.00","100","style","2022-08-26 18:19:31","2022-08-29 15:14:10"
"403","65","BLUE-4MM","deck_brown_shoes-BLUE-4MM","610.00","50","style","2022-08-26 18:19:31","2022-08-29 15:14:10"
"404","65","RED-2MM","deck_brown_shoes-RED-2MM","650.00","50","style","2022-08-26 18:19:31","2022-08-29 15:14:10"
"405","65","RED-4MM","deck_brown_shoes-RED-4MM","650.00","50","style","2022-08-26 18:19:31","2022-08-29 15:14:10"
"406","63","WHITE-2MM","Brown_cax_shoes-WHITE-2MM","895.00","49","style","2022-08-26 18:21:59","2022-09-13 16:32:26"
"407","63","WHITE-4MM","Brown_cax_shoes-WHITE-4MM","920.00","80","style","2022-08-26 18:21:59","2022-08-29 15:13:15"
"408","62","WHITE-2MM","Treking_Shoes-WHITE-2MM","700.00","50","style","2022-08-26 18:24:20","2022-08-26 18:24:20"
"409","62","WHITE-4MM","Treking_Shoes-WHITE-4MM","750.00","50","style","2022-08-26 18:24:20","2022-08-26 18:24:20"
"410","62","BLACK-2MM","Treking_Shoes-BLACK-2MM","700.00","50","style","2022-08-26 18:24:20","2022-08-26 18:24:20"
"411","62","BLACK-4MM","Treking_Shoes-BLACK-4MM","700.00","50","style","2022-08-26 18:24:20","2022-08-26 18:24:20"
"412","60","BLACK-2MM","Loafers-BLACK-2MM","621.00","48","style","2022-08-26 18:28:42","2022-09-07 14:56:42"
"413","60","BLACK-6MM","Loafers-BLACK-6MM","621.00","50","style","2022-08-26 18:28:42","2022-08-26 18:28:42"
"414","60","WHITE-2MM","Loafers-WHITE-2MM","621.00","50","style","2022-08-26 18:28:42","2022-08-26 18:28:42"
"415","60","WHITE-6MM","Loafers-WHITE-6MM","650.00","50","style","2022-08-26 18:28:42","2022-08-26 18:28:42"
"416","55","BLACK-4MM","raymond_shirts-BLACK-4MM","200.00","49","style","2022-08-26 18:45:14","2022-08-29 19:23:55"
"417","55","BLACK-6MM","raymond_shirts-BLACK-6MM","200.00","50","style","2022-08-26 18:45:14","2022-08-26 20:58:46"
"418","55","RED-4MM","raymond_shirts-RED-4MM","200.00","50","style","2022-08-26 18:45:14","2022-08-26 20:58:46"
"419","55","RED-6MM","raymond_shirts-RED-6MM","200.00","50","style","2022-08-26 18:45:14","2022-08-26 20:58:46"
"420","55","WHITE-4MM","raymond_shirts-WHITE-4MM","200.00","60","style","2022-08-26 18:45:14","2022-08-26 20:58:46"
"421","55","WHITE-6MM","raymond_shirts-WHITE-6MM","200.00","60","style","2022-08-26 18:45:14","2022-08-26 20:58:46"
"422","54","red-x","Printed_Tshirt-red-x","300.00","49","style","2022-08-26 18:48:10","2022-08-31 14:16:19"
"423","54","red-xl","Printed_Tshirt-red-xl","300.00","50","style","2022-08-26 18:48:10","2022-08-26 18:48:10"
"424","54","red-m","Printed_Tshirt-red-m","300.00","50","style","2022-08-26 18:48:10","2022-08-26 18:48:10"
"425","54","white-x","Printed_Tshirt-white-x","300.00","50","style","2022-08-26 18:48:10","2022-08-26 18:48:10"
"426","54","white-xl","Printed_Tshirt-white-xl","300.00","80","style","2022-08-26 18:48:10","2022-08-26 18:48:10"
"427","54","white-m","Printed_Tshirt-white-m","300.00","80","style","2022-08-26 18:48:10","2022-08-26 18:48:10"
"428","53","BLACK-SM","Solid-BLACK-SM","500.00","48","style","2022-08-26 18:51:29","2022-10-12 11:26:49"
"429","53","BLACK-XL","Solid-BLACK-XL","500.00","60","style","2022-08-26 18:51:29","2022-08-26 18:51:29"
"430","53","WHITE-SM","Solid-WHITE-SM","500.00","80","style","2022-08-26 18:51:29","2022-08-26 18:51:29"
"431","53","WHITE-XL","Solid-WHITE-XL","500.00","90","style","2022-08-26 18:51:29","2022-08-26 18:51:29"
"432","52","BLACK","Hooded_Neck-BLACK","300.00","98","style","2022-08-26 18:55:12","2022-09-14 11:15:00"
"433","52","WHITE","Hooded_Neck-WHITE","300.00","50","style","2022-08-26 18:55:12","2022-08-26 18:55:12"
"434","52","RED","Hooded_Neck-RED","300.00","20","style","2022-08-26 18:55:12","2022-08-26 18:55:12"
"435","51","BLACK-4MM","Graphic_Print_Tshirt-BLACK-4MM","500.00","49","style","2022-08-26 18:56:58","2022-11-29 16:24:04"
"436","51","BLACK-6MM","Graphic_Print_Tshirt-BLACK-6MM","500.00","60","style","2022-08-26 18:56:58","2022-08-26 18:56:58"
"437","51","RED-4MM","Graphic_Print_Tshirt-RED-4MM","500.00","70","style","2022-08-26 18:56:58","2022-08-26 18:56:58"
"438","51","RED-6MM","Graphic_Print_Tshirt-RED-6MM","500.00","60","style","2022-08-26 18:56:58","2022-08-26 18:56:58"
"439","51","WHITE-4MM","Graphic_Print_Tshirt-WHITE-4MM","500.00","70","style","2022-08-26 18:56:58","2022-08-26 18:56:58"
"440","51","WHITE-6MM","Graphic_Print_Tshirt-WHITE-6MM","500.00","20","style","2022-08-26 18:56:58","2022-08-26 18:56:58"
"441","50","BLACK-XL","Self_Design_Tshirt-BLACK-XL","700.00","49","style","2022-08-26 18:59:11","2022-09-20 17:22:08"
"442","50","BLACK-2XL","Self_Design_Tshirt-BLACK-2XL","700.00","100","style","2022-08-26 18:59:11","2022-08-26 18:59:11"
"443","50","WHITE-XL","Self_Design_Tshirt-WHITE-XL","700.00","50","style","2022-08-26 18:59:11","2022-08-26 18:59:11"
"444","50","WHITE-2XL","Self_Design_Tshirt-WHITE-2XL","710.00","600","style","2022-08-26 18:59:11","2022-08-26 18:59:11"
"445","50","RED-XL","Self_Design_Tshirt-RED-XL","750.00","90","style","2022-08-26 18:59:11","2022-08-26 18:59:11"
"446","50","RED-2XL","Self_Design_Tshirt-RED-2XL","750.00","100","style","2022-08-26 18:59:11","2022-08-26 18:59:11"
"447","49","RED-M","Camp-Collar-RED-M","400.00","97","style","2022-08-26 19:02:11","2022-09-13 12:38:24"
"448","49","RED-XL","Camp-Collar-RED-XL","450.00","60","style","2022-08-26 19:02:11","2022-08-26 19:02:11"
"449","49","BLACK-M","Camp-Collar-BLACK-M","400.00","70","style","2022-08-26 19:02:11","2022-08-26 19:02:11"
"450","49","BLACK-XL","Camp-Collar-BLACK-XL","400.00","80","style","2022-08-26 19:02:11","2022-08-26 19:02:11"
"451","47","BLACK-XL","Flannel_Tshirt-BLACK-XL","262.00","74","style","2022-08-26 19:06:02","2022-10-18 10:22:12"
"452","47","BLACK-2XL","Flannel_Tshirt-BLACK-2XL","262.00","97","style","2022-08-26 19:06:02","2022-09-13 12:38:24"
"453","47","BLACK-3XL","Flannel_Tshirt-BLACK-3XL","262.00","59","style","2022-08-26 19:06:02","2022-09-20 17:21:44"
"454","47","BLUE-XL","Flannel_Tshirt-BLUE-XL","262.00","100","style","2022-08-26 19:06:02","2022-08-26 19:06:02"
"455","47","BLUE-2XL","Flannel_Tshirt-BLUE-2XL","262.00","70","style","2022-08-26 19:06:02","2022-08-26 19:06:02"
"456","47","BLUE-3XL","Flannel_Tshirt-BLUE-3XL","262.00","90","style","2022-08-26 19:06:02","2022-08-26 19:06:02"
"457","47","GREEN-XL","Flannel_Tshirt-GREEN-XL","262.00","100","style","2022-08-26 19:06:02","2022-08-26 19:06:02"
"458","47","GREEN-2XL","Flannel_Tshirt-GREEN-2XL","262.00","50","style","2022-08-26 19:06:02","2022-08-26 19:06:02"
"459","47","GREEN-3XL","Flannel_Tshirt-GREEN-3XL","262.00","800","style","2022-08-26 19:06:02","2022-08-26 19:06:02"
"460","46","BLACK-XL","Black_Tshirt-BLACK-XL","700.00","73","style","2022-08-26 19:09:18","2022-12-13 11:47:54"
"461","46","BLACK-2XL","Black_Tshirt-BLACK-2XL","700.00","100","style","2022-08-26 19:09:18","2022-08-26 19:09:18"
"462","46","BLACK-3XL","Black_Tshirt-BLACK-3XL","700.00","78","style","2022-08-26 19:09:18","2022-11-21 16:57:52"
"463","45","BLACK","Formal_Black_Belt-BLACK","70.00","200","style","2022-08-26 19:18:09","2022-08-26 19:18:09"
"464","44","BLACK","Labnoft_Belt-BLACK","148.00","50","style","2022-08-26 19:21:30","2022-08-29 15:22:22"
"465","44","BLUE","Labnoft_Belt-BLUE","148.00","50","style","2022-08-26 19:21:30","2022-08-29 15:22:22"
"466","43","GRWON","Leather_Belt-GRWON","90.00","49","style","2022-08-26 19:22:46","2022-11-29 16:43:21"
"467","43","BLUE","Leather_Belt-BLUE","90.00","100","style","2022-08-26 19:22:46","2022-08-26 19:22:46"
"468","43","BLACK","Leather_Belt-BLACK","90.00","80","style","2022-08-26 19:22:46","2022-08-26 19:22:46"
"469","42","BLACK","Synthetic_Belt-BLACK","100.00","80","style","2022-08-26 19:24:41","2022-08-26 19:24:41"
"470","42","GRAY","Synthetic_Belt-GRAY","100.00","50","style","2022-08-26 19:24:41","2022-08-26 19:24:41"
"471","41","GREEN","Nylon_Belt-GREEN","200.00","93","style","2022-08-26 19:26:18","2022-09-20 16:18:38"
"472","40","BLACK","Artificial_Leather_Belt-BLACK","300.00","98","style","2022-08-26 19:28:32","2022-09-21 15:40:25"
"473","40","BLUE","Artificial_Leather_Belt-BLUE","350.00","100","style","2022-08-26 19:28:32","2022-08-26 19:28:32"
"474","39","BLACK","Klik_Belts-BLACK","300.00","76","style","2022-08-26 19:31:14","2022-09-20 17:21:06"
"475","39","BLUE","Klik_Belts-BLUE","300.00","100","style","2022-08-26 19:31:14","2022-08-26 19:31:14"
"476","39","GRAY","Klik_Belts-GRAY","300.00","80","style","2022-08-26 19:31:14","2022-08-26 19:31:14"
"487","36","BLUE-XL","Solid_Blue-BLUE-XL","500.00","79","style","2022-08-26 19:44:22","2022-09-13 13:51:37"
"488","36","BLUE-2XL","Solid_Blue-BLUE-2XL","500.00","47","style","2022-08-26 19:44:22","2022-11-05 15:06:14"
"489","36","BLUE-3XL","Solid_Blue-BLUE-3XL","500.00","98","style","2022-08-26 19:44:22","2022-11-21 13:13:05"
"490","35","BLACK-XL","Regular_Shirt-BLACK-XL","451.00","46","style","2022-08-26 19:46:45","2022-09-16 18:11:36"
"491","35","BLACK-2XL","Regular_Shirt-BLACK-2XL","451.00","95","style","2022-08-26 19:46:45","2022-09-29 11:24:13"
"492","35","BLUE-XL","Regular_Shirt-BLUE-XL","451.00","60","style","2022-08-26 19:46:45","2022-08-26 19:46:45"
"493","35","BLUE-2XL","Regular_Shirt-BLUE-2XL","451.00","60","style","2022-08-26 19:46:45","2022-08-26 19:46:45"
"494","35","RED-XL","Regular_Shirt-RED-XL","451.00","80","style","2022-08-26 19:46:45","2022-08-26 19:46:45"
"495","35","RED-2XL","Regular_Shirt-RED-2XL","451.00","100","style","2022-08-26 19:46:45","2022-08-26 19:46:45"
"496","34","BLACK-2XL","Printed_shirt-BLACK-2XL","650.00","50","style","2022-08-26 19:49:05","2022-08-26 19:49:05"
"497","34","BLACK-3XL","Printed_shirt-BLACK-3XL","650.00","8","style","2022-08-26 19:49:05","2022-12-02 09:23:07"
"498","34","BLUE-2XL","Printed_shirt-BLUE-2XL","650.00","80","style","2022-08-26 19:49:05","2022-08-26 19:49:05"
"499","34","BLUE-3XL","Printed_shirt-BLUE-3XL","655.00","60","style","2022-08-26 19:49:05","2022-08-26 19:49:05"
"500","34","GRAY-2XL","Printed_shirt-GRAY-2XL","650.00","90","style","2022-08-26 19:49:05","2022-08-26 19:49:05"
"501","34","GRAY-3XL","Printed_shirt-GRAY-3XL","650.00","80","style","2022-08-26 19:49:05","2022-08-26 19:49:05"
"502","32","BLACK-XL","Flannel_Shirt-BLACK-XL","745.00","0","style","2022-08-26 19:52:26","2022-11-24 14:41:06"
"503","32","BLACK-2XL","Flannel_Shirt-BLACK-2XL","745.00","82","style","2022-08-26 19:52:26","2022-11-30 11:46:29"
"504","31","BLACK","Sneakers_Shoes-BLACK","318.00","78","style","2022-08-26 19:54:14","2022-09-14 16:10:17"
"505","31","BLUE","Sneakers_Shoes-BLUE","318.00","100","style","2022-08-26 19:54:14","2022-08-26 19:54:14"
"506","30","BLACK","Stylish_Shoes-BLACK","1000.00","92","style","2022-08-26 19:56:14","2022-09-29 11:35:50"
"507","30","BLUE","Stylish_Shoes-BLUE","1250.00","9","style","2022-08-26 19:56:14","2022-11-30 11:46:29"
"508","30","GRAY","Stylish_Shoes-GRAY","1000.00","80","style","2022-08-26 19:56:14","2022-08-26 19:56:14"
"509","29","BLACK-2MM","Lightweight_Shoes-BLACK-2MM","900.00","95","style","2022-08-26 20:00:23","2022-09-29 12:47:38"
"510","29","WHITE-2MM","Lightweight_Shoes-WHITE-2MM","900.00","33","style","2022-08-26 20:00:23","2022-12-13 11:49:15"
"511","29","RED-2MM","Lightweight_Shoes-RED-2MM","900.00","100","style","2022-08-26 20:00:23","2022-08-26 20:00:23"
"512","29","BLUE-2MM","Lightweight_Shoes-BLUE-2MM","900.00","250","style","2022-08-26 20:00:23","2022-08-26 20:00:23"
"513","28","BLACK","Navy_Walking_Sports-BLACK","500.00","72","style","2022-08-26 20:02:16","2022-12-01 11:00:03"
"514","28","WHITE","Navy_Walking_Sports-WHITE","500.00","100","style","2022-08-26 20:02:16","2022-08-29 15:15:09"
"515","28","PINK","Navy_Walking_Sports-PINK","500.00","50","style","2022-08-26 20:05:39","2022-08-29 15:15:09"
"516","27","BLACK-2MM","Denill_Sandals-BLACK-2MM","600.00","71","style","2022-08-26 20:09:48","2022-11-24 16:13:18"
"517","27","BLACK-4MM","Denill_Sandals-BLACK-4MM","600.00","48","style","2022-08-26 20:09:48","2022-11-25 16:24:31"
"518","27","BLUE-2MM","Denill_Sandals-BLUE-2MM","600.00","540","style","2022-08-26 20:09:48","2022-08-29 15:07:54"
"519","27","BLUE-4MM","Denill_Sandals-BLUE-4MM","600.00","400","style","2022-08-26 20:09:48","2022-08-29 15:07:54"
"520","24","BLACK","Gladiator_Sandals-BLACK","800.00","87","style","2022-08-26 20:15:51","2022-12-02 11:54:49"
"521","24","BLUE","Gladiator_Sandals-BLUE","850.00","69","style","2022-08-26 20:15:51","2022-11-29 15:44:38"
"522","24","RED","Gladiator_Sandals-RED","850.00","199","style","2022-08-26 20:15:51","2022-08-27 14:02:54"
"523","80","BLACK-XL","Strappy_Sandals-BLACK-XL","900.00","5100","style","2022-08-26 20:25:57","2022-08-26 20:25:57"
"524","80","BLACK-XXL","Strappy_Sandals-BLACK-XXL","900.00","5100","style","2022-08-26 20:25:57","2022-08-26 20:25:57"
"525","80","RED-XL","Strappy_Sandals-RED-XL","900.00","5100","style","2022-08-26 20:25:57","2022-08-26 20:25:57"
"526","80","RED-XXL","Strappy_Sandals-RED-XXL","900.00","5100","style","2022-08-26 20:25:57","2022-08-26 20:25:57"
"527","80","BLUE-XL","Strappy_Sandals-BLUE-XL","900.00","5100","style","2022-08-26 20:25:57","2022-08-26 20:25:57"
"528","80","BLUE-XXL","Strappy_Sandals-BLUE-XXL","900.00","5100","style","2022-08-26 20:25:57","2022-08-26 20:25:57"
"529","81","xl-GRAY","Cropped_Sweater-xl-GRAY","2000.00","998","style","2022-08-26 20:29:59","2022-12-13 11:36:48"
"530","81","xl-BLACK","Cropped_Sweater-xl-BLACK","2000.00","1000","style","2022-08-26 20:29:59","2022-08-26 20:29:59"
"531","81","xxl-GRAY","Cropped_Sweater-xxl-GRAY","2000.00","998","style","2022-08-26 20:29:59","2022-09-16 13:29:17"
"532","81","xxl-BLACK","Cropped_Sweater-xxl-BLACK","2000.00","1000","style","2022-08-26 20:29:59","2022-08-26 20:29:59"
"533","82","BLUE","Sweatshirt-Style-BLUE","15001.00","100","style","2022-08-26 20:31:09","2022-08-26 20:31:09"
"534","82","GREEN","Sweatshirt-Style-GREEN","15001.00","100","style","2022-08-26 20:31:09","2022-08-26 20:31:09"
"535","82","RED","Sweatshirt-Style-RED","15001.00","100","style","2022-08-26 20:31:09","2022-10-18 10:23:04"
"536","83","XL-RED","Jacket_Sweater-XL-RED","2000.00","200","style","2022-08-26 20:32:42","2022-08-26 20:32:42"
"537","83","XL-BLUE","Jacket_Sweater-XL-BLUE","2000.00","200","style","2022-08-26 20:32:42","2022-08-26 20:32:42"
"538","83","XL-BLACK","Jacket_Sweater-XL-BLACK","2000.00","200","style","2022-08-26 20:32:42","2022-08-26 20:32:42"
"539","83","XXL-RED","Jacket_Sweater-XXL-RED","2000.00","200","style","2022-08-26 20:32:42","2022-08-26 20:32:42"
"540","83","XXL-BLUE","Jacket_Sweater-XXL-BLUE","2000.00","200","style","2022-08-26 20:32:42","2022-08-26 20:32:42"
"541","83","XXL-BLACK","Jacket_Sweater-XXL-BLACK","2000.00","200","style","2022-08-26 20:32:42","2022-08-26 20:32:42"
"542","84","BLACK","Poncho_Sweater-BLACK","800.00","100","style","2022-08-26 20:33:59","2022-08-26 20:33:59"
"543","84","RED","Poncho_Sweater-RED","850.00","50","style","2022-08-26 20:33:59","2022-08-26 20:33:59"
"544","84","GRAY","Poncho_Sweater-GRAY","800.00","99","style","2022-08-26 20:33:59","2022-09-29 11:23:49"
"545","85","WHITE-XL","Turtleneck_Sweater-WHITE-XL","900.00","200","style","2022-08-26 20:57:50","2022-08-26 20:57:50"
"546","85","WHITE-XXL","Turtleneck_Sweater-WHITE-XXL","900.00","200","style","2022-08-26 20:57:50","2022-08-26 20:57:50"
"547","85","RED-XL","Turtleneck_Sweater-RED-XL","900.00","200","style","2022-08-26 20:57:51","2022-08-26 20:57:51"
"548","85","RED-XXL","Turtleneck_Sweater-RED-XXL","900.00","200","style","2022-08-26 20:57:51","2022-08-26 20:57:51"
"549","85","BLACK-XL","Turtleneck_Sweater-BLACK-XL","900.00","200","style","2022-08-26 20:57:51","2022-08-26 20:57:51"
"550","85","BLACK-XXL","Turtleneck_Sweater-BLACK-XXL","900.00","200","style","2022-08-26 20:57:51","2022-08-26 20:57:51"
"551","86","BLACK-XXL","Round_Neck_Tshirt-BLACK-XXL","500.00","200","style","2022-08-26 21:03:18","2022-08-26 21:03:18"
"552","86","BLACK-XL","Round_Neck_Tshirt-BLACK-XL","500.00","199","style","2022-08-26 21:03:18","2022-09-01 17:46:30"
"553","86","WHITE-XXL","Round_Neck_Tshirt-WHITE-XXL","500.00","200","style","2022-08-26 21:03:18","2022-08-26 21:03:18"
"554","86","WHITE-XL","Round_Neck_Tshirt-WHITE-XL","500.00","200","style","2022-08-26 21:03:18","2022-08-26 21:03:18"
"555","87","WHITE","Macro_woman_T_shirt-WHITE","600.00","200","style","2022-08-26 21:04:13","2022-08-29 15:19:23"
"556","87","BLUE","Macro_woman_T_shirt-BLUE","600.00","199","style","2022-08-26 21:04:13","2022-09-01 17:46:30"
"557","88","BLACK","Inkast_Denim_Co_T_shirt-BLACK","600.00","300","style","2022-08-26 21:05:15","2022-08-29 15:18:50"
"558","88","RED","Inkast_Denim_Co_T_shirt-RED","600.00","300","style","2022-08-26 21:05:15","2022-08-29 15:18:50"
"559","89","BLUE","Hooded_Tshirt-BLUE","600.00","499","style","2022-08-26 21:07:12","2022-09-13 16:31:52"
"560","89","PINK","Hooded_Tshirt-PINK","600.00","500","style","2022-08-26 21:07:12","2022-08-26 21:07:12"
"561","90","RED-XL","Allen_Solly_Tshirt-RED-XL","443.00","285","style","2022-08-26 21:09:50","2022-10-13 10:25:26"
"562","90","RED-XXL","Allen_Solly_Tshirt-RED-XXL","443.00","288","style","2022-08-26 21:09:50","2022-08-29 15:18:22"
"563","90","WHITE-XL","Allen_Solly_Tshirt-WHITE-XL","443.00","288","style","2022-08-26 21:09:50","2022-08-29 15:18:22"
"564","90","WHITE-XXL","Allen_Solly_Tshirt-WHITE-XXL","443.00","288","style","2022-08-26 21:09:50","2022-08-29 15:18:22"
"565","90","BLACK-XL","Allen_Solly_Tshirt-BLACK-XL","443.00","288","style","2022-08-26 21:09:50","2022-08-29 15:18:22"
"566","90","BLACK-XXL","Allen_Solly_Tshirt-BLACK-XXL","443.00","288","style","2022-08-26 21:09:50","2022-08-29 15:18:22"
"567","91","BLUE","Women's_Black_Hand_Clutch-BLUE","300.00","100","style","2022-08-26 21:12:45","2022-08-29 14:55:18"
"568","91","RED","Women's_Black_Hand_Clutch-RED","300.00","99","style","2022-08-26 21:12:45","2022-11-25 15:02:42"
"569","91","BLACK","Women's_Black_Hand_Clutch-BLACK","300.00","100","style","2022-08-26 21:12:45","2022-08-29 14:55:18"
"570","92","BLACK","Lavie_Purse-BLACK","502.00","200","style","2022-08-26 21:13:55","2022-08-29 14:55:38"
"571","92","BLUE","Lavie_Purse-BLUE","502.00","200","style","2022-08-26 21:13:55","2022-08-29 14:55:38"
"574","94","BLACK","Black_Bcramel_Purse-BLACK","200.00","120","style","2022-08-26 21:15:34","2022-08-29 14:57:30"
"575","95","BLACK","Alsu_Purse-BLACK","300.00","200","style","2022-08-26 21:16:43","2022-08-29 14:52:50"
"576","95","BLUE","Alsu_Purse-BLUE","300.00","199","style","2022-08-26 21:16:43","2022-10-21 10:25:58"
"1293","772","ZX","Dishaapps123-ZX","43.00","34","style","2022-11-25 18:37:08","2022-11-25 18:37:08"
